contact-companyId,contact-externalId,contact-lastname
"116684497372","default116684497372","Default Contact"
"116681629656","default116681629656","Default Contact"
"116681371815","default116681371815","Default Contact"
"116681225490","default116681225490","Default Contact"
"116681225415","default116681225415","Default Contact"
"116681034181","default116681034181","Default Contact"
"116680974799","default116680974799","Default Contact"
"116680974709","default116680974709","Default Contact"
"116680944053","default116680944053","Default Contact"
"116680943758","default116680943758","Default Contact"
"116680046651","default116680046651","Default Contact"
"116679884506","default116679884506","Default Contact"
"116679883015","default116679883015","Default Contact"
"116679729052","default116679729052","Default Contact"
"116679729022","default116679729022","Default Contact"
"116679722608","default116679722608","Default Contact"
"116679722536","default116679722536","Default Contact"
"116679678211","default116679678211","Default Contact"
"116679598313","default116679598313","Default Contact"
"116679524571","default116679524571","Default Contact"
"116679008265","default116679008265","Default Contact"
"116675770291","default116675770291","Default Contact"
"116673136547","default116673136547","Default Contact"
"116672971392","default116672971392","Default Contact"
"116672895101","default116672895101","Default Contact"
"116672894947","default116672894947","Default Contact"
"116672892621","default116672892621","Default Contact"
"116672876920","default116672876920","Default Contact"
"116672875544","default116672875544","Default Contact"
"116672781841","default116672781841","Default Contact"
"116672773885","default116672773885","Default Contact"
"116672767749","default116672767749","Default Contact"
"116672765841","default116672765841","Default Contact"
"116672733864","default116672733864","Default Contact"
"116672553788","default116672553788","Default Contact"
"116672434614","default116672434614","Default Contact"
"116672371110","default116672371110","Default Contact"
"116672370380","default116672370380","Default Contact"
"116672322737","default116672322737","Default Contact"
"116659852297","default116659852297","Default Contact"
"116659852220","default116659852220","Default Contact"
"116659838464","default116659838464","Default Contact"
"116659838379","default116659838379","Default Contact"
"116659805561","default116659805561","Default Contact"
"116659738860","default116659738860","Default Contact"
"116659719111","default116659719111","Default Contact"
"116659716838","default116659716838","Default Contact"
"116659688873","default116659688873","Default Contact"
"116659677376","default116659677376","Default Contact"
"116659661109","default116659661109","Default Contact"
"116659655907","default116659655907","Default Contact"
"116659640076","default116659640076","Default Contact"
"116659625110","default116659625110","Default Contact"
"116659621790","default116659621790","Default Contact"
"116659621633","default116659621633","Default Contact"
"116659593925","default116659593925","Default Contact"
"116659591825","default116659591825","Default Contact"
"116659580898","default116659580898","Default Contact"
"116659567057","default116659567057","Default Contact"
"116659564086","default116659564086","Default Contact"
"116659564040","default116659564040","Default Contact"
"116659547152","default116659547152","Default Contact"
"116659539802","default116659539802","Default Contact"
"116659526928","default116659526928","Default Contact"
"116659468427","default116659468427","Default Contact"
"116659451546","default116659451546","Default Contact"
"116659412644","default116659412644","Default Contact"
"116659360657","default116659360657","Default Contact"
"116659329833","default116659329833","Default Contact"
"116659315176","default116659315176","Default Contact"
"116659290348","default116659290348","Default Contact"
"116659284543","default116659284543","Default Contact"
"116659229622","default116659229622","Default Contact"
"116659228897","default116659228897","Default Contact"
"116659169172","default116659169172","Default Contact"
"116659157440","default116659157440","Default Contact"
"116659104685","default116659104685","Default Contact"
"116659053923","default116659053923","Default Contact"
"116659046864","default116659046864","Default Contact"
"116659029106","default116659029106","Default Contact"
"116659009488","default116659009488","Default Contact"
"116659003457","default116659003457","Default Contact"
"116658990069","default116658990069","Default Contact"
"116658981509","default116658981509","Default Contact"
"116658969954","default116658969954","Default Contact"
"116658950822","default116658950822","Default Contact"
"116658948010","default116658948010","Default Contact"
"116658937774","default116658937774","Default Contact"
"116658925607","default116658925607","Default Contact"
"116658864083","default116658864083","Default Contact"
"116658863986","default116658863986","Default Contact"
"116658855454","default116658855454","Default Contact"
"116658845550","default116658845550","Default Contact"
"116658845530","default116658845530","Default Contact"
"116658837670","default116658837670","Default Contact"
"116658837146","default116658837146","Default Contact"
"116658837050","default116658837050","Default Contact"
"116658822709","default116658822709","Default Contact"
"116658794532","default116658794532","Default Contact"
"116658758635","default116658758635","Default Contact"
"116658753416","default116658753416","Default Contact"
"116658750051","default116658750051","Default Contact"
"116658607715","default116658607715","Default Contact"
"116658558831","default116658558831","Default Contact"
"116658453079","default116658453079","Default Contact"
"116658295101","default116658295101","Default Contact"
"116658262175","default116658262175","Default Contact"
"116658205949","default116658205949","Default Contact"
"116658205893","default116658205893","Default Contact"
"116658201540","default116658201540","Default Contact"
"116658189893","default116658189893","Default Contact"
"116658160274","default116658160274","Default Contact"
"116658159855","default116658159855","Default Contact"
"116658151480","default116658151480","Default Contact"
"116658076893","default116658076893","Default Contact"
"116658040711","default116658040711","Default Contact"
"116657976678","default116657976678","Default Contact"
"116657821230","default116657821230","Default Contact"
"116657821163","default116657821163","Default Contact"
"116657816905","default116657816905","Default Contact"
"116657811028","default116657811028","Default Contact"
"116657810764","default116657810764","Default Contact"
"116657803209","default116657803209","Default Contact"
"116657801510","default116657801510","Default Contact"
"116657801421","default116657801421","Default Contact"
"116657801397","default116657801397","Default Contact"
"116657728590","default116657728590","Default Contact"
"116657702795","default116657702795","Default Contact"
"116657700991","default116657700991","Default Contact"
"116657659008","default116657659008","Default Contact"
"116657630063","default116657630063","Default Contact"
"116657602351","default116657602351","Default Contact"
"116657583282","default116657583282","Default Contact"
"116657569215","default116657569215","Default Contact"
"116657528209","default116657528209","Default Contact"
"116657524419","default116657524419","Default Contact"
"116657521945","default116657521945","Default Contact"
"116657515547","default116657515547","Default Contact"
"116657488063","default116657488063","Default Contact"
"116657455040","default116657455040","Default Contact"
"116657443878","default116657443878","Default Contact"
"116657437790","default116657437790","Default Contact"
"116657407632","default116657407632","Default Contact"
"116657393309","default116657393309","Default Contact"
"116657393264","default116657393264","Default Contact"
"116657392978","default116657392978","Default Contact"
"116657371480","default116657371480","Default Contact"
"116657350499","default116657350499","Default Contact"
"116657342469","default116657342469","Default Contact"
"116657273781","default116657273781","Default Contact"
"116657261114","default116657261114","Default Contact"
"116657241208","default116657241208","Default Contact"
"116657238967","default116657238967","Default Contact"
"116657232694","default116657232694","Default Contact"
"116657232484","default116657232484","Default Contact"
"116657232335","default116657232335","Default Contact"
"116657219102","default116657219102","Default Contact"
"116657213719","default116657213719","Default Contact"
"116657212653","default116657212653","Default Contact"
"116657212603","default116657212603","Default Contact"
"116657167463","default116657167463","Default Contact"
"116657160654","default116657160654","Default Contact"
"116657034583","default116657034583","Default Contact"
"116657025419","default116657025419","Default Contact"
"116656570697","default116656570697","Default Contact"
"116656473132","default116656473132","Default Contact"
"116656468241","default116656468241","Default Contact"
"116656467938","default116656467938","Default Contact"
"116656467730","default116656467730","Default Contact"
"116656461879","default116656461879","Default Contact"
"116656456751","default116656456751","Default Contact"
"116656402130","default116656402130","Default Contact"
"116656402054","default116656402054","Default Contact"
"116656401977","default116656401977","Default Contact"
"116656395864","default116656395864","Default Contact"
"116656386859","default116656386859","Default Contact"
"116656352303","default116656352303","Default Contact"
"116656350733","default116656350733","Default Contact"
"116656350321","default116656350321","Default Contact"
"116656339740","default116656339740","Default Contact"
"116656301360","default116656301360","Default Contact"
"116656249596","default116656249596","Default Contact"
"116656153047","default116656153047","Default Contact"
"116656101609","default116656101609","Default Contact"
"747626","default747626","Default Contact"
"738128","default738128","Default Contact"
"703438","default703438","Default Contact"
"665043","default665043","Default Contact"
"652556","default652556","Default Contact"
"646208","default646208","Default Contact"
"631392","default631392","Default Contact"
"630203","default630203","Default Contact"
"627733","default627733","Default Contact"
"606030","default606030","Default Contact"
"600740","default600740","Default Contact"
"598156","default598156","Default Contact"
"539323","default539323","Default Contact"
"523879","default523879","Default Contact"
"520627","default520627","Default Contact"
"505080","default505080","Default Contact"
"487438","default487438","Default Contact"
"465419","default465419","Default Contact"
"454728","default454728","Default Contact"
"450427","default450427","Default Contact"
"447274","default447274","Default Contact"
"397770","default397770","Default Contact"
"391976","default391976","Default Contact"
"391583","default391583","Default Contact"
"391409","default391409","Default Contact"
"380385","default380385","Default Contact"
"377085","default377085","Default Contact"
"368986","default368986","Default Contact"
"357415","default357415","Default Contact"
"349627","default349627","Default Contact"
"330183","default330183","Default Contact"
"321949","default321949","Default Contact"
"318548","default318548","Default Contact"
"313777","default313777","Default Contact"
"306177","default306177","Default Contact"
"296578","default296578","Default Contact"
"296230","default296230","Default Contact"
"290755","default290755","Default Contact"
"280304","default280304","Default Contact"
"236735","default236735","Default Contact"
"225911","default225911","Default Contact"
"224482","default224482","Default Contact"
"198995","default198995","Default Contact"
"192073","default192073","Default Contact"
"182493","default182493","Default Contact"
"182452","default182452","Default Contact"
"179064","default179064","Default Contact"
"170604","default170604","Default Contact"
"159647","default159647","Default Contact"
"157446","default157446","Default Contact"
"143032","default143032","Default Contact"
"136641","default136641","Default Contact"
"128765","default128765","Default Contact"
"109460","default109460","Default Contact"
"101154","default101154","Default Contact"
"89922","default89922","Default Contact"
"86790","default86790","Default Contact"
"85872","default85872","Default Contact"
"82593","default82593","Default Contact"
"82364","default82364","Default Contact"
"81921","default81921","Default Contact"
"80930","default80930","Default Contact"
"78810","default78810","Default Contact"
"78389","default78389","Default Contact"
"77691","default77691","Default Contact"
"76216","default76216","Default Contact"
"74601","default74601","Default Contact"
"74269","default74269","Default Contact"
"73994","default73994","Default Contact"
"71869","default71869","Default Contact"
"71628","default71628","Default Contact"
"70957","default70957","Default Contact"
"70628","default70628","Default Contact"
"70543","default70543","Default Contact"
"70284","default70284","Default Contact"
"70108","default70108","Default Contact"
"68970","default68970","Default Contact"
"68882","default68882","Default Contact"
"67549","default67549","Default Contact"
"67541","default67541","Default Contact"
"66194","default66194","Default Contact"
"65820","default65820","Default Contact"
"65331","default65331","Default Contact"
"64843","default64843","Default Contact"
"64821","default64821","Default Contact"
"64116","default64116","Default Contact"
"63956","default63956","Default Contact"
"63944","default63944","Default Contact"
"62494","default62494","Default Contact"
"62375","default62375","Default Contact"
"62330","default62330","Default Contact"
"61139","default61139","Default Contact"
"60061","default60061","Default Contact"
"59866","default59866","Default Contact"
"57682","default57682","Default Contact"
"56463","default56463","Default Contact"
"51094","default51094","Default Contact"
"49733","default49733","Default Contact"
"48418","default48418","Default Contact"
"48070","default48070","Default Contact"
"47296","default47296","Default Contact"
"42271","default42271","Default Contact"
"40854","default40854","Default Contact"
"40422","default40422","Default Contact"
